,calibrate,new_model,transfer_learning,min,max,diff,train_number,rel_mae_transfer_learning,rel_mae_new_model,rel_mae_calibrate
PXD000044,2.4307843381555214,4.92399931397256,3.3173747629870305,15.379,66.17349999999999,50.79449999999999,926.0,5.013146898663409,7.4410440946490075,3.6733501147068264
PXD000239_CTx_SILAC,1.2959534978685658,2.3620888845386196,1.994554700868543,21.869,47.722,25.853,1189.0,4.1795287307081495,4.949685437614978,2.715631150975579
PXD000239_CTx_Total,1.4486661100547216,1.9916063822335042,1.2247835276970909,16.783,49.234,32.451,2990.0,2.487678286747148,4.045184998646269,2.9424099403963146
PXD000258,2.3640876528839305,5.447923577921971,4.151997105449219,10.459,48.316,37.857,753.0,8.593420617288722,11.27560969021022,4.8929705540275075
PXD000511_20131003_Eguren_Garcia_CdH1_SILAC_MEFS,5.811806847583924,8.796498020988679,5.285848833940868,6.7923,122.01,115.21770000000001,1734.0,4.332307871437479,7.2096533243084,4.763385663129189
PXD001820,11.25920226949048,13.138216729839998,10.97464840165889,12.04711271252991,150.161968610372,138.11485589784212,2281.0,7.308540573369153,8.749363671390036,7.498038533781437
PXD002549,5.209619130269423,4.318929262146424,2.7567590594421727,11.164658951473635,92.75336929495342,81.58871034347978,18158.0,2.9721389965638307,4.656358356549116,5.6166359991764425
PXD003093,7.171732230131226,6.402675085261802,3.88957561110405,19.822,160.41,140.588,7328.0,2.4247712805336636,3.9914438534142525,4.4708760240204635
PXD003698,16.35629712209999,16.531554771024332,10.643224836114209,14.5138,203.73666666666668,189.22286666666668,2911.0,5.224010488758794,8.114177502506994,8.028155849266204
PXD003879,2.356773344198564,0.8971598538132329,0.5498540192198497,27.84769950107665,52.00054974145759,24.15285024038094,16092.0,1.0574003966374934,1.7252891715065266,4.532208516864235
PXD004186,7.118807947671614,8.90576763578841,5.449465024721465,10.671886560372933,135.7630958013497,125.09120924097675,3186.0,4.013951650524523,6.5597853254756675,5.243551574639949
PXD004269,2.515551970497785,0.8583583939170474,0.5513796712039009,10.155980534145243,78.66522707541529,68.50924654127004,16143.0,0.7009191884430723,1.0911535195775268,3.1977940749934652
PXD004356_ANT1_1SILAC,1.5826009136772254,2.628814840840579,1.3546817437267717,10.130284539380646,43.69765349850113,33.567368959120486,1909.0,3.1001246869542745,6.01591763029278,3.6217068583133645
PXD004356_ANT1_2SILAC,1.7738478291470667,7.178242664342672,4.800000866030895,9.268,56.619,47.351,318.0,8.477721023032718,12.678151617553599,3.1329550665802413
PXD004356_ANT2_3SILAC,4.220598388621273,9.687271460508567,10.250931078825012,13.126,86.838,73.71199999999999,590.0,11.804660492900588,11.155567217702583,4.860312753197071
PXD004356_ANT2_4SILAC,5.619276566062888,9.00995925763633,5.0311972769575375,10.017074350979437,90.07804633544924,80.0609719844698,2024.0,5.585375662146842,10.00239195251125,6.238230950454664
PXD004356_ANT2_ANT1_5SILAC,4.7591007740741125,9.46180345781685,5.740143350358908,9.6685,82.04400000000001,72.37550000000002,956.0,6.99642064058177,11.532596482152076,5.800668877765725
PXD005271,5.071731238109961,2.8490795914259275,2.1901775907141907,7.204341416202773,98.92208979125512,91.71774837505234,34721.0,2.214042986087225,2.8801247501321905,5.126995647597318
PXD005346_HeLa_pAA_Rep1,14.186473870779032,10.809062325548691,8.06407750701943,28.03,331.36,303.33000000000004,17978.0,2.433630343740774,3.262029914759986,4.281287382538337
PXD005346_HeLa_pAA_Rep2,16.00896641643313,10.839617172543125,6.7467520354745165,25.717,323.04,297.32300000000004,19001.0,2.088519079827426,3.3555030870923495,4.955722640054831
PXD005346_HeLa_pAA_Rep3,16.617553992645753,14.621589213094838,7.780261018094419,24.957,323.08,298.123,19986.0,2.4081530946188,4.525686892749424,5.143479631251007
PXD005499,7.315073160487767,4.004285776835543,4.3220949726618345,10.179005901070042,141.7642514009092,131.58524549983915,39237.0,3.048790460183755,2.8246089809421884,5.16002665566282
PXD005509,5.883852700785005,6.972090975954722,4.318281940596065,36.914,156.2219306317843,119.30793063178429,8710.0,2.764197013269713,4.4629399648042805,3.7663423291402465
PXD005514,7.086895749368918,5.173451253293944,3.529966066398997,20.856,116.6,95.744,9544.0,3.0274151512855894,4.436922172636316,6.0779551881380085
PXD005664,12.926981357081273,12.33466087709545,8.659280376415253,14.311,263.91,249.59900000000002,14036.0,3.2811490191410906,4.673813374671459,4.898253706597427
PXD005751,2.086010663515713,1.342607104519902,0.9328122445171018,10.943333493015182,58.40259656370064,47.45926307068546,20949.0,1.5972102259180696,2.2988825557704424,3.571777260349149
PXD005766,6.707607991537586,3.3775018454385655,3.524499091934861,7.149763558961368,136.42682813767192,129.27706457871057,44663.0,2.5834354870276655,2.475687437393354,4.916634127686939
PXD005849,5.946730521255916,4.524259247648343,4.126778334346677,0.35331,131.87285714285716,131.51954714285716,7777.0,3.1293614347614844,3.4307736600771737,4.509442390266751
PXD005850,5.870384964249964,6.970216401965482,4.30727294030878,14.26430717587538,129.06037398391393,114.79606680803855,3531.0,3.337409312672252,5.400740898855794,4.548557224064489
PXD005857,8.444782130042054,8.39507733130552,6.252513752304746,1.3061,203.01,201.7039,6862.0,3.079904316193659,4.135302365058628,4.159786281484683
PXD006115,5.162985688177065,3.6191815809045456,2.7508519267875955,25.633,162.255,136.62199999999999,16948.0,1.6953880785107365,2.230551650737756,3.1820194682302945
PXD006522,2.299808680336006,2.4199420320163307,1.1709911553767738,10.29920285350499,56.46821970163856,46.169016848133566,10876.0,2.0737171484490675,4.285493760565839,4.072748693844994
PXD006638,9.878956965164111,6.5401836133331575,5.474898586942995,12.729294828397034,130.3225872435308,117.59329241513376,3829.0,4.201035831733589,5.018457469012389,7.580387386496197
PXD006644,5.284316766487155,5.906944161448059,4.084233951382321,17.547170299640307,214.77689649387548,197.22972619423518,7998.0,1.9016169886311705,2.7502698185307373,2.460374860029622
PXD006702_CEM_ATRi_phospho,12.68334003071532,9.769649162699926,6.334740794844495,3.2377,161.75,158.5123,5368.0,3.916377616596287,6.039968570448177,7.841323048355685
PXD006702_CEM_ATRi_total-proteome,7.1209955551272435,8.637369636255483,9.592455340504706,9.993,167.02,157.02700000000002,7545.0,5.743297413785598,5.171458290178112,4.263558588867946
PXD006702_CEM_PD-release,13.959094303793854,17.98599239679066,11.471491639173511,5.19915,178.155,172.95585,5601.0,6.439051185301288,10.095698912065707,7.835364881027114
PXD006717_70S_Purity,11.272574696283323,26.79423220598929,19.117244230262926,14.921,165.7475,150.8265,487.0,11.533956307191918,16.165693121156753,6.801052622985761
PXD006717_Experiment_F1,4.034693522718329,14.015135793522393,10.501450089532733,13.517,107.06,93.543,224.0,9.808938996387758,13.090917049806084,3.7686283604692035
PXD006717_Experiment_F2,7.120051589538071,17.871884554524836,15.466036766392612,11.2695,146.94,135.6705,355.0,10.525409532048872,12.162708965921354,4.845550285516586
PXD006717_Experiment_F3,6.04735929225509,16.477017660345737,13.597885073926232,13.441,120.335,106.89399999999999,222.0,11.300024991836317,13.692622811605714,5.025436732667212
PXD006717_RNAP_Purity,14.657256416111322,20.346120725399402,20.929408640245363,27.048571428571428,166.598,139.5494285714286,320.0,12.562821066426585,12.212704069316198,8.797978616856938
PXD007168,3.592468273810126,6.19862386291648,4.559715953915193,23.868,99.082,75.214,2477.0,4.601961964751613,6.256054442700471,3.625752683444143
PXD007546,2.6202405595260094,6.586698120935302,6.973719681525868,2.5014,68.689,66.18759999999999,606.0,10.152600389474106,9.58916001242601,3.8146436249268585
PXD008005_SC15,2.475288330363819,2.7641719274773875,1.6423147438660175,4.10425,60.02,55.91575,7038.0,2.7362791467277865,4.605418073104611,4.1241058486568125
PXD008039,7.20220342023007,8.691799397421791,5.33398799054006,13.466,147.84,134.374,7291.0,3.6079464221726596,5.879193315355648,4.871620278835274
PXD008048,8.077145124473743,6.928541944985486,4.146241753442621,30.351199640209582,168.73058424851092,138.37938460830134,7004.0,2.4573148797588025,4.10627508690478,4.787007145413251
PXD008250,5.937469278120575,8.711714525996557,5.016662960834926,19.243,119.5225,100.2795,2064.0,4.1972540407328545,7.288765316987645,4.967658205041373
PXD008289_OR11_20160126_CMP_Ecoli_IMAC_1mg_80pc,4.2023604254081395,6.5566320840271795,4.753770281976955,11.913,80.964,69.051,1696.0,5.871461738522004,8.098206714128724,5.190406137799688
PXD008289_OR11_20160131_CMP_Ecoli_1mg_IMAC_80pc,3.5679043184005863,5.780587148559709,2.6063209791150928,17.227,80.625,63.397999999999996,3059.0,3.2326461756466265,7.169720494337624,4.425307681737161
PXD008289_OR11_20160209_CMP_Ecoli_PT_1mg_80pc,3.8777515664833957,6.384387614721573,6.355141336415016,28.059,81.033,52.974000000000004,1742.0,7.84265834464356,7.878750156999708,4.785398006347285
PXD008289_OR13_20160527_HEK293_1mg_IMAC_80pc_1,13.579685432825366,8.822961724533783,5.859536223120348,13.761,171.594,157.833,8996.0,3.4147675461381795,5.141765868581526,7.913846307461431
PXD008289_OR13_20160528_HEK293_1mg_IMAC_80pc_2,14.021327887911585,8.074267332594962,6.12383454276196,13.839,171.415,157.576,8594.0,3.57251964108273,4.710362181019725,8.179755498592064
PXD008289_OR13_20160528_HEK293_1mg_IMAC_80pc_3,13.978022762653024,8.269178175849559,6.569774482299727,15.401,171.48,156.07899999999998,8734.0,3.8312190822834893,4.822240597066457,8.15140119119024
PXD008289_OR13_20160528_Hela_1mg_IMAC_80pc_1,12.860753300147156,10.262934130317104,6.05301396048541,13.842,171.14,157.29799999999997,9201.0,3.5368785558521743,5.9968061997879545,7.5147559309028615
PXD008289_OR13_20160528_Hela_1mg_IMAC_80pc_2,12.64855805556118,7.991966740684988,5.186139764040759,13.823,171.4,157.577,9373.0,3.0257524877717383,4.662757725020413,7.379555458320408
PXD008289_OR13_20160528_Hela_1mg_IMAC_80pc_4,13.360569478566681,6.996176044812415,5.946194671012328,13.818,171.12,157.302,9144.0,3.474868321068448,4.08846192427093,7.807719424127327
PXD008289_OR13_20160814_CMP_Ecoli_SDC_2mg_IMAC_80pc_1,4.7481676706023155,5.96891239228879,3.0519469789633438,14.675,79.122,64.447,2709.0,3.8572672315706678,7.543935178949964,6.001071346278299
PXD008289_OR13_20160814_CMP_Ecoli_SDC_2mg_IMAC_80pc_2,4.818407843623557,5.334613520177681,3.641056746000051,14.758,79.173,64.415,2566.0,4.598861664961604,6.737920149770353,6.085923033892309
PXD008289_OR13_20160814_CMP_Ecoli_SDC_2mg_IMAC_80pc_3,4.759159698550418,5.4994720876316014,2.9765030690248047,14.83,79.33,64.5,3065.0,3.7520522740763957,6.9323989507520505,5.999192863419158
PXD008289_OR14_A3_20170321_CMP_HeLa_IMAC_R1,14.124372403322475,8.05751804674148,4.8643976381675005,15.358,171.55,156.192,13802.0,2.8355567695526087,4.696891895506545,8.233385254049825
PXD008289_OR14_A3_20170321_CMP_HeLa_IMAC_R2,13.8604393958408,8.294659419486102,5.010813100008678,15.435,172.71,157.275,14116.0,2.901287186618423,4.802651508011175,8.025267440125528
PXD008289_OR14_A3_20170323_CMP_HEK_imac_R4,13.384320950037822,5.91618097953878,4.889032576016518,15.1125,174.76,159.64749999999998,13670.0,2.7975695674161813,3.385317566685042,7.658686741838992
PXD008289_OR14_A3_20170323_CMP_HEK_IMAC_R5,13.616377496605073,6.2404464282009595,4.388076700436496,15.962,170.18,154.21800000000002,13197.0,2.5784914211050043,3.6669681679403916,8.001162002941047
PXD008289_OR14_A3_20170323_CMP_HeLa_imac_R6,13.128940371850561,6.1781858345974,5.058314483193652,14.161,171.41,157.249,14310.0,2.951003140536522,3.604332206170819,7.65937831623042
PXD008289_OR14_A3_20170411_MH_W3110_0129_blk_IMAC_1,5.328333129647703,4.364328605171404,2.5376322928457204,14.0625,79.86033333333334,65.79783333333334,7323.0,3.1775879049411935,5.464951651222013,6.672064725058793
PXD008289_OR14_A3_20170411_MH_W3110_0129_blk_IMAC_2,5.554035093022238,4.216298881014968,2.6026420851780983,13.371,79.91044444444444,66.53944444444444,6869.0,3.2569485794657473,5.2762801037181495,6.950324368278954
PXD008289_OR14_A3_20170411_MH_W3110_0129_blk_IMAC_3,5.1416165024047995,4.284661779946899,2.7120068508429713,13.2198,79.462,66.2422,7082.0,3.4129607244254756,5.392089023617451,6.470534975717701
PXD008289_OR14_A3_20180323_CMP_HEK_imac_R2,13.858647784549923,6.563401264160077,4.727571736622492,14.111,172.445,158.334,14211.0,2.7414953965742654,3.8060838320392456,8.036561097480313
PXD008476,2.5246122045633568,5.07908718798172,4.342015924861489,37.96257167801112,99.371,61.40842832198887,1498.0,4.369500080366998,5.11123686788069,2.5405925315870395
PXD008495,8.10336114625272,8.24982429213385,7.655945601595754,10.145,105.755,95.61,1761.0,7.239322586729473,7.80088344960886,7.662390569006401
PXD008574,6.751578372276774,7.886060142234426,5.84592028227623,31.028632897355315,123.58753114329812,92.5588982459428,2037.0,4.73018615081643,6.380951273385858,5.4629931594380725
PXD008599,8.079420571624574,6.254402332814214,5.385623952902378,8.550182536534024,175.38671494788304,166.83653241134903,19487.0,3.0707137393517754,3.5660639032282107,4.6066320211456215
PXD008726,5.537772768951991,3.746564927529326,3.352628967770948,27.45467824325608,155.67300686500522,128.21832862174915,32126.0,2.153635389517621,2.4066888685321213,3.557310853354413
PXD008798,5.908004115962715,4.794789693608413,3.099741302795469,0.8213348501859139,115.30864905760116,114.48731420741524,16852.0,2.688212313758899,4.158222069892805,5.123643511781529
PXD008863,2.8410407045018236,4.807467766530767,2.922842919387235,5.6285,55.885,50.256499999999996,987.0,5.230102745615524,8.602429572391102,5.0837267683668665
PXD008916,1.8213794191841788,2.764811691911528,1.41537502646454,16.6475,62.949,46.3015,2645.0,2.248447197675165,4.392145533545454,2.8934207361263544
PXD009262,7.524006043757012,5.671158950066107,4.4339872110118295,-0.1722016440262734,173.6133252828663,173.78552692689257,11925.0,2.553944061486975,3.26654589492261,4.33377220987976
PXD009424_2D3D,0.0,0.0,0.0,0.0,0.0,0.0,1319.0,,,
PXD009424_SupSILAC,4.213696211619278,7.095024656932536,3.6566253548027396,6.2598,95.885,89.6252,5098.0,3.813553063360003,7.3995146862726555,4.394531169233225
PXD009464,5.788337358083985,4.566369240196368,3.8064518118394077,-6.2135,109.52,115.73349999999999,14290.0,3.475576891745259,4.169438678046355,5.285187507381287
PXD009621,2.6202405595260094,6.4135283651839,7.726884218356156,2.5014,68.689,66.18759999999999,606.0,11.249085324223904,9.337053043695354,3.8146436249268585
PXD010098,6.351884584597604,3.2845222709227007,2.670844102301498,6.050467033502066,114.89801332529532,108.84754629179326,29538.0,2.3245346242322706,2.858641482010375,5.528280603611801
PXD010099,5.31639541329323,4.534506929907493,2.7435489616383912,7.8314,108.655,100.8236,11938.0,2.525009398222255,4.173307192404853,4.8929137299647785
PXD010133,3.790180907977807,1.9782459910862369,1.6073563453702082,5.484612462632505,84.466919816202,78.9823073535695,30105.0,1.9029418248798198,2.3420363799116304,4.487177839827888
PXD010248,4.199967260392108,3.5581295676578892,2.352102148985757,13.177,96.095,82.918,18247.0,2.4476842176864113,3.702720815503293,4.3706407829669685
PXD010249,4.131687847628924,4.856436242267626,3.279679682313527,13.161989547101548,96.0755592347621,82.91356968766056,3983.0,3.4136462055865633,5.054809236551878,4.300456724413211
PXD010576,4.002809801209034,2.517745468583999,1.6636019256604606,6.589592844083148,91.95479501887658,85.36520217479344,20138.0,1.8091519048234022,2.738025209090133,4.353019111605145
PXD010606_IB,7.869363037704688,2.6173831632931424,2.26515491455185,27.15609225547464,251.54622630348663,224.390134048012,85301.0,0.9004925050312526,1.040517761588405,3.1283963799999226
PXD010606_lung,6.932301900935349,9.896237774411883,6.950694930625422,35.142,203.91,168.768,1804.0,3.408707238794283,4.853238082689364,3.3996870682827467
PXD010606_Protac10,8.538186899087046,8.179541471755611,4.944823431980442,32.045,208.94,176.89499999999998,5793.0,2.366623639312933,3.9147800668879156,4.08643002732222
PXD010606_spleen,7.028868370478446,11.884225487461464,12.636666166336171,36.437,203.54,167.103,1333.0,6.208443630901136,5.838766575347089,3.453310587834552
PXD010709,3.786618898729402,5.347569246869073,4.890113781813319,64.947,131.77,66.82300000000001,1225.0,3.711097959940289,4.058260034051052,2.8736578118914786
PXD010773,1.3803967384592268,2.227781943247518,1.159704304839361,19.628,57.458,37.83,2013.0,2.018351325906507,3.8772354471918935,2.4024448091810138
PXD010819,20.857503151703664,10.606914816239113,6.889900822865395,6.5638025492861445,186.98822992057484,180.4244273712887,4849.0,3.6846708617927186,5.672503997040086,11.154447079670792
PXD010895_ISCID,6.475268085122534,18.153048255441995,18.41153112329577,12.94,133.27333333333334,120.33333333333334,194.0,13.81486503173611,13.620915603603118,4.8586374506947125
PXD010895_Quty_HSA,19.550495565092255,21.05915019592512,21.11444349472329,32.309,196.12,163.811,930.0,10.766083772549097,10.737890167206364,9.96863938664708
PXD011143,5.4435619038478835,5.724639563087723,4.230334897272021,3.999012407407408,110.82,106.82098759259259,7411.0,3.81730274072552,5.165709766366832,4.912075350882407
PXD011252,4.450822072377403,5.332907433878658,2.997714210710992,4.380359924294112,101.75834936270272,97.3779894384086,9343.0,2.945914737694967,5.240756623193927,4.3739133940873005
PXD011518,12.672399721392303,9.555254617268828,7.0551570490361,19.145216345791567,225.58382158635845,206.4386052405669,11463.0,3.127510208587911,4.235788963088767,5.617601312131788
PXD011545,5.602392833000182,3.6084575730789212,3.231388251345224,10.414859671971428,109.67274667172735,99.25788699975593,37610.0,2.9463912862667887,3.290204433267056,5.1082816862144185
PXD011863,8.474640089147282,10.503081131722189,6.429948404607035,-7.593296996228616,184.6713657509252,192.2646627471538,3024.0,3.481832918959079,5.687444336058131,4.589038508859799
PXD011921,7.06317552757342,6.033407595157797,4.817319164092345,6.7099,170.30939503494642,163.59949503494641,9167.0,2.82856924193986,3.5426158339178997,4.147261239536492
PXD012121,5.450212103824445,3.7778837266559218,3.3217678604520593,28.458503032276795,177.27903611379767,148.82053308152086,31888.0,1.8737510837546374,2.1310380569932983,3.0743692109911316
PXD012147,6.265850449798957,3.8574562527299836,3.0051466767171675,16.048919975901697,117.88007052901432,101.83115055311262,45565.0,2.549325482442342,3.2723565870114846,5.31544511441119
PXD012332,5.588084667889114,3.7201356628769355,3.439317995713559,10.014582563156466,109.2153561540303,99.20077359087384,30850.0,3.1491157624967743,3.4062386406818983,5.116574138171595
PXD012544_OPC_Maxquant,2.4538699538121524,2.602740674467806,2.086511867339934,20.401,68.105,47.70400000000001,1653.0,3.06366913932888,3.8216587247159617,3.603068723019091
PXD012584,6.668764338119691,3.497792494467108,3.3204737543926677,23.04691752351524,175.87429261194774,152.8273750884325,36919.0,1.8879812990742324,1.9888025944671186,3.791778911562575
PXD012650,3.8813962335743724,3.132957786810464,2.499658027047671,1.3810925,83.65957142857143,82.27847892857143,10987.0,2.9878924603168446,3.744888640130537,4.639512451827834
PXD012681_Experiment_1,3.3568998334764193,4.533347312535822,3.017531964589865,19.885,65.629875,45.74487499999999,1696.0,4.597802395006641,6.907444685116072,5.11489597302512
PXD012681_Experiment_2,3.766345469138326,4.168399561796763,3.2887650239373394,14.787,64.63364285714286,49.84664285714286,1619.0,5.088317598323159,6.449272201800553,5.827221401496629
PXD012681_Experiment_3,3.340391363247742,4.052905474554992,2.9305184632461376,12.599,54.621,42.022000000000006,860.0,5.365186399454673,7.420049934191962,6.115580753277571
PXD012891,12.298839765176506,13.388162843437238,8.504467254077987,22.645,261.62,238.975,18478.0,3.2506946158848664,5.117408012933735,4.701031941432805
PXD012997,11.415150466095456,10.568759537373616,8.526412349535548,31.21642381470135,225.9239897647901,194.70756595008874,7582.0,3.7740181369904153,4.678015623031787,5.052650884033958
PXD013056_021417-odmys-21-32-ac-evidence,7.8210584656629,5.651384909714935,4.792908852317097,17.728532959559384,113.86,96.13146704044061,6726.0,4.209475542172051,4.963450649670591,6.869013231743281
PXD013056_091316-md10-ac-evidence,6.961379960799925,6.2820353865125576,4.935114724447787,5.66835,111.74,106.07164999999999,5571.0,4.416605266196337,5.622011264106459,6.229980276355759
PXD013129,5.255995366986311,6.755490207571259,4.019002125639314,24.29328768635841,119.65,95.3567123136416,4415.0,3.3589654205092465,5.646042797802974,4.392808497272303
PXD013307,3.1205905391794984,1.541392438692837,1.6906965450915494,11.219169819348863,82.15171171999235,70.93254190064349,48514.0,2.058017428601069,1.8762754986123138,3.7985703205013985
PXD013340,4.511221219883384,7.179187781542466,4.104813059495086,0.008204,100.21,100.20179599999999,5692.0,4.096211016360729,7.164143081072215,4.50176750811634
PXD013507,7.389398947402663,7.478939700400202,5.176432217158173,1.412,133.17,131.75799999999998,4291.0,3.8870858430263375,5.616084478786666,5.548846547572774
PXD013507_180630evidence,1.5211335347580144,1.895611377475651,1.4018350148621388,0.019616,38.1888,38.169184,2209.0,3.6708014257115664,4.96378880057936,3.9831928072052913
PXD013590,4.8809947514485685,6.824873796943285,4.247440793820649,20.564,139.15,118.58600000000001,3978.0,3.052418824161444,4.90468831975802,3.507721704239
PXD013738,10.17958021824738,4.142086976702406,5.3097217675399095,2.1817485150730107,349.9093337731544,347.7275852580814,50305.0,1.517456453728723,1.1837600706552498,2.909205109929072
PXD013923,12.192464134772049,6.666830458276939,7.061979035902923,5.1705,242.69,237.5195,22883.0,2.9098764003061204,2.7470561037854626,5.023884022733548
PXD014119,3.0199651699284047,2.157326938279018,1.7928793359765318,0.1794681153926092,68.2685224984943,68.0890543831017,9153.0,2.626216696012536,3.1600609758715645,4.423656847114293
PXD014247,11.60741194073212,5.753541618634412,4.862698774998682,12.652,218.92,206.268,34388.0,2.2212218047682635,2.628148007781113,5.302124950087759
PXD014324,2.3627630613027244,1.3409182010930196,0.8466778734042169,-0.4228398518562493,66.75756461897441,67.18040447083067,16151.0,1.2682875390028334,2.0086385846254977,3.539318839428063
PXD014325,2.159195361044008,2.247389068299658,1.4135476304464585,0.056499,49.929,49.872501,3364.0,2.831115444824568,4.501169797712067,4.324531556898812
PXD014525,1.5485203408893393,0.6401811001873651,0.36999074093166306,4.03215,18.997,14.96485,8130.0,1.9476272091996791,3.3699063019811812,8.151394119541713
PXD014552,1.7913213685354548,2.260026406403112,1.3968723979813211,8.9644,40.245,31.2806,817.0,3.4709216001523697,5.615670037030966,4.451040796460318
PXD014561_Screen1_PP,18.36280790904221,12.224094456168476,7.231152447407182,10.309,213.84,203.531,8680.0,3.381571477463142,5.716467665623118,8.587171674636275
PXD014561_Screen1_TP,12.552889340212493,7.141684391913266,4.346428987837821,13.391,214.74,201.34900000000002,13362.0,2.0240425574358856,3.3257354903200453,5.845622306143473
PXD014561_Screen2_PP_TP,14.860613658278965,10.550156758750989,7.446659963975076,25.098,233.5,208.402,12424.0,3.189147736177763,4.518268419165306,6.364288504616258
PXD014691,11.374585883688965,8.757847706579547,7.143777214889921,14.972,228.12,213.148,17198.0,3.131587416662248,3.8391406744606114,4.986229126639034
PXD014794_HA-PPM1H_11TMT,8.348425379950424,7.26652430020826,4.930971966109969,12.499801532726764,122.3930582931482,109.89325676042144,4763.0,4.028800354264875,5.937039568701629,6.82099581166997
PXD014794_RAB810,3.79549379551245,6.640019092941448,6.255353988494135,6.6401,44.055,37.4149,147.0,14.198964904083839,15.072112343528426,8.61535307118931
PXD014893,8.199435787359933,8.689684005746802,5.507323930079807,17.581172156421673,183.7467043281424,166.16553217172074,17616.0,2.9972368485285057,4.729164551560286,4.462358014714128
PXD014998,10.359018886807162,7.490742407681167,5.6766943252317255,9.622925513960546,177.88001701877693,168.25709150481637,11878.0,3.191305251917362,4.211120806723584,5.8235989969090625
PXD015352,2.7254589178945983,2.9202752017078386,1.7107093651114753,2.1299,60.12274314415218,57.99284314415218,6510.0,2.845361464978111,4.8571888922401545,4.5331579621374765
PXD015442,11.224201758040028,10.167670488086129,7.873797529504124,7.387339901355141,176.6442150544104,169.25687515305526,5337.0,4.457432997213533,5.756016682999925,6.354129261794801
PXD015736,4.644235994261957,9.309419393490032,5.756269962141494,11.772,94.273,82.50099999999999,1461.0,6.105958187542026,9.874958252617432,4.926369155815512
PXD015993_MaxQuant_allreplicates_NBF,8.909474175272695,7.77948248228199,4.4104353964031615,11.735,119.3,107.565,4150.0,3.6969282450990457,6.520940890429163,7.468125880362695
PXD016003,8.4036586531927,8.321959594387842,5.416834154013652,16.951448783823864,184.6601165939996,167.7086678101757,19622.0,2.933407740623981,4.506636163717368,4.550879100585259
PXD016004_TripleSILAC,7.6303005801547,6.227916767972641,5.4507475099496805,15.032,166.3,151.268,16573.0,3.2776593565542274,3.7449890366642453,4.588274552107456
PXD016054,3.092680795531529,4.546988948952224,2.682874711600054,0.39349,83.287,82.89351,3841.0,3.221240663729098,5.459422177473344,3.713281539173615
PXD016190,0.6558620505811597,2.081682055586852,2.226725106633856,20.212,38.775,18.563,156.0,5.742682415561202,5.368619098870024,1.6914559653930616
PXD016383,2.8374870619448735,4.16940641475714,2.4710908464874843,0.0081351,69.60408699848888,69.59595189848888,4612.0,3.5502094101760604,5.990174707481845,4.076609843336463
PXD016438,7.038867806938069,7.705457058813983,5.816759426552892,18.992442769403965,150.52538019309554,131.53293742369158,6228.0,3.864304756507568,5.119041751583249,4.67619998561607
PXD016565,4.69290248239942,2.5253627194691566,2.3403121770790323,22.588,136.21,113.62200000000001,30977.0,1.7181647287857222,1.8540215251957686,3.4453435741864915
PXD016745,2.9697412880879446,3.2633901555297884,1.973236648433477,12.457234534825623,66.83832600933621,54.38109147451059,7425.0,2.9522532448790657,4.882513297945174,4.4431712542787505
PXD016750,6.13860461327871,2.8228302176848934,2.1618883815120924,13.017149084945036,116.8470004381396,103.82985135319457,29582.0,1.8501873162389184,2.4158345589533026,5.2535406046033435
PXD016786,4.803236625975646,10.684494893969834,5.657049961185384,6.5259,65.9485,59.422599999999996,228.0,8.577981244737007,16.201270527714556,7.283314443809406
PXD017056,6.827442646630809,10.313099681547552,5.8834365944206874,16.045,138.85311976681655,122.80811976681655,2340.0,4.237165577770997,7.427344591800955,4.917025024786262
PXD017523,1.8491506352980858,3.21680037090504,2.3598988368550717,18.7978158855744,46.15294191778953,27.355126032215132,1294.0,5.113214323495714,6.96987068914264,4.006571539018915
PXD017541,3.441198955514792,3.4345047231791885,2.1657899878661864,-1.0296319676299532,74.51805546402475,75.54768743165471,7830.0,2.9063962745401613,4.608956449269227,4.617939818861896
PXD017579,7.362790794765046,9.299939446492475,8.158078963016761,6.520130226307558,97.673,91.15286977369244,1046.0,8.3524402475779,9.521504864693902,7.538204820948518
PXD017597,3.153194897230836,1.9799946372820676,1.6021266828188976,11.017,72.585,61.568,9938.0,2.2072421062463286,2.7278289416299066,4.3441412099343335
PXD017821,8.50955117990097,6.069232729807335,4.860763582300957,8.5325,154.47403473297533,145.94153473297533,29318.0,3.146654122618924,3.9289662759820083,5.508725912811578
PXD017932_AspN_VelosPro_1D_PRDB,6.689615356687456,10.067339073383367,4.845912449230614,38.41625,158.26565217391305,119.84940217391306,2943.0,3.0618851169965775,6.361038503996237,4.22682702456276
PXD017932_AspN_VelosPro_1D_TRDB,8.216647068421608,7.658470867704616,5.061648545547703,36.99631255534629,184.09970117326787,147.10338861792158,7762.0,2.749406171378771,4.159958337192924,4.46315068197118
PXD017932_LysC_VelosPro_1D_PRDB,5.255031204275542,12.297938621804057,9.04106029186155,37.36333333333334,133.075,95.71166666666664,1651.0,6.793958513516101,9.241359099608536,3.9489244443175218
PXD017932_LysC_VelosPro_1D_TRDB,5.2493349594582615,5.805545602612496,4.242292542066618,32.22758638710002,154.05588533399418,121.82829894689417,4039.0,2.753736108730478,3.768467261102057,3.407422538955697
PXD017932_Trypsin_Fusion_1D_PRDB,7.356512630152608,8.026641314551876,4.714902794621263,18.989,145.31714285714287,126.32814285714286,9589.0,3.2445606223185584,5.523533670382329,5.062384578662261
PXD017932_Trypsin_Fusion_1D_TRDB,8.42410855443344,8.155816547069442,6.009429430938175,8.1934,143.8508510638298,135.6574510638298,8176.0,4.177541798672889,5.669633851141087,5.856140921054042
PXD017932_Trypsin_VelosPro_1D_PRDB,4.963209990987084,5.810723317308453,4.472453853929174,63.475,168.20363636363638,104.72863636363638,4771.0,2.658951941003379,3.4545765138789006,2.950715037014545
PXD017932_Trypsin_VelosPro_1D_TRDB,5.04039216357325,3.1487864566610426,3.6708883404150363,60.82711034547617,174.01252668474737,113.1854163392712,14235.0,2.10955407082012,1.8095171173312097,2.896568574459446
PXD017932_Trypsin_VelosPro_gelfree_PRDB,5.0185921442649795,6.605799825762946,4.359810345203987,49.129,165.41714285714286,116.28814285714287,5096.0,2.6356460218692055,3.9934191291575085,3.033900874832014
PXD017932_Trypsin_VelosPro_gelfree_TRDB,5.02238109471344,6.174088413426425,4.031821415252574,51.257000000000005,165.0744144144144,113.8174144144144,4963.0,2.442426604725555,3.740184955571952,3.042495175602987
PXD017959,4.738807736302163,5.164011389130474,3.804845568554568,-0.8877645406127712,105.11654192568972,106.0043064663025,4415.0,3.619644918726813,4.91265341736706,4.508146529070733
PXD018148,4.71667924903945,42.6967102227444,7.149817667073524,24.316,81.931,57.614999999999995,196.0,8.726632980280387,52.113009999565975,5.756892078748519
PXD018218,5.482150863257078,4.0312610344802335,2.3335735418959787,5.4975,69.306,63.808499999999995,3002.0,3.367058468092198,5.816611887109678,7.910066752167314
PXD018253,5.727485076163498,3.874246775784825,3.1521460722583488,4.7600546940645785,122.50445577537415,117.74440108130958,24306.0,2.573086874520031,3.162535396172607,4.675327962491008
PXD018387,8.218351137780568,3.4966957728963797,3.3792202269699305,6.575827329531133,140.649858624097,134.07403129456586,46192.0,2.4025763410123915,2.486099742369243,5.843127905122934
PXD018422,5.667132610489192,4.0301536184766125,3.668767050904843,11.63010016392422,133.6908389896797,122.06073882575546,31182.0,2.744217239288965,3.0145323710532788,4.238983503519391
PXD018584,5.806063609886152,3.946746947386158,3.180047188443076,12.173641568450286,141.92908390575388,129.7554423373036,36714.0,2.240588821495349,2.7807880095998807,4.090820182945443
PXD018617,5.938687100347296,3.9539116399568566,2.9049648914470905,14.95,120.27,105.32,16161.0,2.415369494842513,3.2875294254235112,4.937795876234552
PXD018752,3.933943697585083,2.528121338398131,2.3911431094028748,11.997,99.716,87.719,14288.0,2.397953296765689,2.535321651889497,3.9451479176712696
PXD018900,5.155047427908682,5.585177235276213,3.296347110006977,3.409277483409681,95.4865843816464,92.07730689823671,4603.0,3.4521573175472935,5.8491748044448295,5.398713820681538
PXD018905,0.9076589275532084,0.7285563925341108,0.44306440864810387,3.9981,36.32834584028773,32.33024584028773,5907.0,1.2196107430709118,2.0054763730148975,2.4984868057125373
PXD019074,7.260311602789669,4.732046434171537,3.651632002100333,-4.7017,120.71142857142856,125.41312857142856,27310.0,3.0250921932711226,3.920131250349211,6.014601673356492
PXD019252,8.361317499681613,3.6104725966952347,3.9095474747994565,0.5600459778703311,169.1723852158378,168.6123392379675,53780.0,2.310984425626841,2.134197370385734,4.942483661865891
PXD019254,7.819830378541179,4.051205042881646,3.3942365228298272,3.442358707853672,162.38,158.9376412921463,32675.0,2.0903045466374106,2.4948916386757274,4.815759563087314
PXD019285,5.313431127879519,4.745489473466758,3.8325885035248226,5.3169542925796165,114.12986779757412,108.8129135049945,9618.0,3.358094228517354,4.1579733377800565,4.655600878556751
PXD019362,6.629571529145598,2.8937933563852054,3.8809677099652173,12.835296761167667,144.95183444153105,132.1165376803634,78744.0,2.6774188301360726,1.996382707079481,4.5736375498026245
PXD019443,5.091052779092411,6.467702949671372,3.5723789506994024,13.375,111.62625,98.25125,1701.0,3.2003036478421536,5.7940698981389875,4.560802480682108
PXD019454,6.31431985125154,12.175763553558298,8.176960364039733,11.692,125.9,114.208,956.0,6.4948056902619,9.67097978837037,5.015345394163257
PXD019483,9.65082932747953,5.95445420392297,5.704329445343718,21.977,179.98,158.003,16044.0,3.1694240723101,3.3083977130364324,5.36216764500474
PXD019513,1.0526535384089073,1.3024428011444849,0.7601073469309361,19.007,47.025,28.017999999999997,3573.0,1.6163898924634472,2.7696816611259645,2.238497689333136
PXD019545,6.410001227757589,3.6908838681818406,2.843372239176801,17.3332793508157,142.64312296601844,125.30984361520274,46594.0,1.9933468785972748,2.5874951357179077,4.493733097307909
PXD019600_RPE_9TMT,5.4628969211635,4.83744023710902,3.2722889538301856,11.426,112.07,100.64399999999999,7049.0,2.919861652387067,4.316445290540752,4.874539949284822
PXD019692_PX145_Prot,3.495326510325945,3.354914954417089,2.1238165276288643,17.159,93.302,76.143,9093.0,2.276281888522073,3.595758884500963,3.746250359398453
PXD019692_PX145_Ubi,3.782910975051553,3.021665460311217,1.9028136525947181,19.263,78.596,59.333,8837.0,2.4210057160602547,3.8445537435890085,4.813108777865989
PXD019704,3.0882453429958616,2.350390244325217,1.38595477007093,15.9545,76.277,60.322500000000005,22147.0,1.8170022025917771,3.0813878945490996,4.048724180284832
PXD019708,2.9757798678798957,2.6837728445784284,1.845728654692356,2.8226,73.178,70.3554,7853.0,2.522245285047905,3.6674585867042397,4.0664952142445765
PXD019880,8.288987256009513,5.339788193138035,4.542275533594419,7.8278,149.60666666666668,141.7788666666667,8056.0,3.0361451363092677,3.569218078386458,5.540519978616937
PXD019881,5.650631081744534,4.214524130805706,3.21872988195743,8.222,91.16942857142858,82.94742857142859,3506.0,3.5304925482072633,4.6227383420570085,6.19794504614826
PXD019929,6.360412270220015,2.937529489544978,3.177214212322479,18.768649489973505,141.2559990285403,122.48734953856678,65992.0,2.2492596662606403,2.079578573474575,4.50275550345647
PXD019951,8.728369425119466,7.243392825904508,5.3339352162390785,1.0491717997664978,196.3526591483788,195.3034873486123,6117.0,2.716507756693204,3.6889710876952564,4.445251448580411
PXD019957,9.435696841084638,7.432091748794799,6.0492218971003915,5.772310657481626,192.1382250165488,186.36591435906718,18240.0,3.1483698241614206,3.868096391623622,4.910889980518944
PXD019967,5.36373994875997,5.250724969539352,3.7064016288240293,9.5749,110.26,100.6851,9166.0,3.361510637424296,4.762130391383414,4.864629012116787
PXD020019,9.066546316726988,2.06712539201805,2.1355124527326916,-0.645739481893365,111.79858035147606,112.44431983336943,88602.0,1.910142728126777,1.8489728452001384,8.109715068137074
PXD020180,3.918692279079498,3.597624215295087,2.6246536247220638,6.302422742372549,92.7321534203675,86.42973067799494,12281.0,2.830359835195621,3.8795866186635024,4.225818267495128
PXD020222,3.6464192030704283,2.1698687746482994,1.4511709071161623,3.9611,89.485,85.5239,22407.0,1.6216917998727858,2.424840782978487,4.074894343264713
PXD020224_fract_MQ,7.9051979252558935,8.462108030120776,5.971636405729024,8.1754,136.1125,127.93710000000002,8181.0,4.387279938087262,6.2169955221752415,5.80784125282828
PXD020224_immuno_Endo_MQ,6.392347962137971,15.929004577690774,4.733589519518166,0.76729,168.47,167.70271,6090.0,2.8097521929828253,9.45509857997909,3.794353868426409
PXD020303,6.088341172860761,3.6106067545517693,3.4253109046516204,19.877,151.03,131.153,29188.0,2.267967228134556,2.3906553363912924,4.031213118493518
PXD020450_Nmoss,14.91939796165695,20.430959337759973,21.59122924566395,10.784,174.755,163.971,587.0,12.35514248271234,11.691201589516737,8.537322515325426
PXD020450_Npal,12.189015534552947,21.615915562793734,18.573184308969147,17.461,178.16716982252302,160.706169822523,729.0,10.424582894520007,12.132378588224707,6.841336451993228
PXD020490,6.895871212130208,4.222529378717421,4.589240234530376,12.499388513185565,122.68,110.18061148681444,17256.0,3.7408218409931333,3.4419052646865187,5.621023159545327
PXD020491,10.111004178721997,7.805160721113767,5.321500362309576,0.36819,173.835,173.46681,21547.0,3.061236438179639,4.489982294194935,5.816437529106334
PXD020494,5.258998612085466,4.500695413428448,3.6786640872017315,0.15606,122.915,122.75894000000001,12851.0,2.992852041818925,3.661632358482242,4.278565359871021
PXD020559,6.534447086764202,3.675089187252538,3.7448951864711666,28.297942753822937,193.8541690081777,165.55622625435478,40556.0,1.931810497360616,1.8958009549423234,3.3708055494481255
PXD020561,6.579217368568114,7.497577678497467,4.925445047111835,14.352630451301582,109.7952066455676,95.44257619426602,6522.0,4.486029215293319,6.828693080109195,5.992262840587053
PXD020686,9.372738842876085,4.895051237005625,4.6640089563510045,-0.0135260437081541,200.8438173092631,200.85734335297124,26112.0,2.3222068863435688,2.437242680698571,4.666680293396219
PXD020742_skin,5.025459561603026,4.963946980269127,3.2707695144453637,0.17605,88.4625,88.28645,8358.0,3.6973514364226236,5.611357332507138,5.68089253819757
PXD020759_MQ,4.026448752905495,2.0312913418398195,1.586338594407915,7.113357314952644,84.19319754722255,77.0798402322699,21432.0,1.8841648026471072,2.412654942461952,4.782392010526892
PXD020812_Fast,8.672677384089782,5.456616260631591,3.321712754871042,-24.6720063947307,119.83784375249728,144.50985014722798,31280.0,2.7718395549000534,4.553333145664082,7.23701054067827
PXD020812_MDM2,5.620828441742222,8.551051152281998,5.054430345114033,0.013238,118.185,118.171762,3627.0,4.276710534428255,7.235310024353342,4.755957559539892
PXD020812_MORC2,6.320905271373001,6.028074905654349,4.16853181119793,-2.35525,110.55333333333334,112.90858333333334,10252.0,3.7706070776077274,5.4526396662133045,5.717516677959055
PXD020812_Opt,8.467081961163107,8.577393454143955,5.629002501217929,0.014429,118.19,118.17557099999999,6509.0,4.7626723929418135,7.257292033288734,7.16395800081488
PXD020812_Sens,9.181686014446809,9.71353383714456,5.737774440967694,0.00851755,116.96,116.95148245,5011.0,4.905757900964171,8.305004990718674,7.850278740122101
PXD020812_Slow,7.746635390099336,7.3972756790038,5.525780840787361,0.0186115,115.8,115.78138849999999,8258.0,4.771831468728291,6.387975543181175,6.6896678670978735
PXD020812_SuperFast,7.817950972094255,4.2604538936797,3.362288242038736,2.684525854461448,115.26253958907068,112.57801373460924,29066.0,2.917069373992478,3.696304028064015,6.782733574990188
PXD020844_Yasmine,4.864202273877223,3.9309332380276754,2.9518327973036085,9.9186,83.259,73.3404,10808.0,3.54536181950733,4.721331313164553,5.842254019237828
PXD020910_adult_liver,2.7140380008985434,3.012368599816426,1.826778095518036,31.343,101.08,69.737,10283.0,1.8072596908567828,2.9801826274400733,2.685039573504693
PXD020939_Netherlands,4.6545267801842005,2.818840524907086,2.298221522741739,6.127134078363781,82.7797999916859,76.65266591332212,19310.0,2.7763071703151785,3.405227513463671,5.62278089660966
PXD020969,2.94588057842778,3.9249502084598022,2.442313759624866,15.918,80.06,64.142,4537.0,3.0506042463463228,4.90251087741669,3.679591029762403
PXD020974_biliary_atresia,4.956675726956931,3.006479622205153,2.1139333642376195,8.933421836533846,82.957,74.02357816346614,20421.0,2.548227833983413,3.6241421726980882,5.9749939450039555
PXD020987_first_batch,8.565909861469594,5.106296929888596,3.9932378827121733,10.068808989857146,170.15337658935977,160.08456759950263,22234.0,2.346846100121344,3.000996531624462,5.034228549070855
PXD020987_second_batch,8.587905729718447,3.944345513740293,3.9068176852218457,10.54118942580392,163.59770566567676,153.05651623987285,36789.0,2.388063860263235,2.4110029524502234,5.249404748541172
PXD020987_third_batch,8.55490632362967,6.252267766177083,5.500874382941503,10.712,162.67,151.958,18801.0,3.381615776075185,3.8435284724762306,5.259055956002748
PXD020996_kidney,4.794222498388109,2.716721983559444,2.208006074546231,7.865988133649793,84.274,76.40801186635021,29171.0,2.620032364129187,3.223677508554766,5.688851245209802
PXD021018_brain,9.959872478043462,7.887759198949568,6.617267021579564,10.805,172.25,161.445,6578.0,3.8416644537472067,4.579250623483058,5.782219145453388
PXD021320,10.027806212351644,31.645394019784103,32.225976200146576,4.1812,203.27,199.08880000000002,521.0,15.853778816424743,15.568157632599055,4.933244557658112
PXD021359,5.794464561953741,3.823184261631299,2.7768139957205844,1.0205,138.70818181818183,137.68768181818183,22026.0,2.001910744789678,2.7562788377132037,4.1774497264689865
PXD021360,3.919601917812445,2.163505205905353,1.4596523515341548,3.590739309396085,78.584,74.99326069060392,35520.0,1.857442165751495,2.753111582389994,4.987786213239902
PXD021437,4.903643854589208,3.2367618792412944,2.2761089925058005,13.798,117.595,103.797,28709.0,1.9355491241173524,2.75246556336689,4.169942475946433
PXD021507,3.23703521641499,2.3844803168147353,2.0190358684735603,17.12,101.57,84.44999999999999,28211.0,1.987826984812012,2.3476226413456094,3.1869993269813826
PXD021540,3.1472804580913185,2.117871547335918,1.3261810048693443,12.229530539874812,76.86855855423896,64.63902801436414,24340.0,1.7252580636510602,2.755185718542561,4.094366431849475
PXD021561_Glycoproteome,2.5408026776189927,4.945184782417697,4.519917960240067,1.9972,81.64382576181055,79.64662576181054,673.0,5.536141794024417,6.057022360570027,3.1120573465427563
PXD021561_Proteome_analysis,3.516702101118502,5.468492779145372,5.4862790149279315,2.5578727749905426,81.0735,78.51562722500945,533.0,6.767043503645373,6.745105094939002,4.337671496997789
PXD021623,3.1922120909276073,3.8897068731547835,2.9912070134668545,27.406,77.186,49.78000000000001,6437.0,3.8753232625953595,5.039394285433605,4.13573975970721
PXD021624,3.683057661886484,3.1928243308135564,2.4336775820668906,13.496881055569643,94.75727712493703,81.26039606936739,9116.0,2.568327896186905,3.3694766541295107,3.886833574829709
PXD021630,10.110659002762057,6.620270818764705,4.807690051863478,10.35,191.32845348949365,180.97845348949366,35435.0,2.512794079594377,3.4601601058403166,5.284451328781194
PXD021631,6.014346414799987,4.5944839773840895,4.256276512388172,13.40154080956686,137.07000407810062,123.66846326853377,11996.0,3.105184493875847,3.3519251774197185,4.387791811382083
PXD021636,5.41305307017601,4.589525312587499,3.1477316837300067,15.086,104.61,89.524,5123.0,3.0090160440971294,4.387272070153426,5.17450824029826
PXD021677,1.4860748658841283,1.4475604590339621,0.8073568988021439,1.9191550991811417,46.28690030465458,44.36774520547344,6334.0,1.7442449018798447,3.127365300995099,3.210573307140832
PXD021677_Variant,1.6415497939443644,1.6897057833594542,1.0033075022804323,-5.511387331557238,46.45885347729451,51.97024080885175,6149.0,2.1595614768469726,3.636994150501909,3.5333411633729335
PXD021731,10.76823507622188,4.7961993636071805,3.8962392425332175,14.344,174.07,159.726,17482.0,2.2383174829282577,2.7553279505987134,6.186152166497317
PXD021758,8.841320716257306,6.310677261993401,5.428607773113742,23.550896596031784,192.64701650130525,169.09611990527347,16719.0,2.817903890599293,3.275772122819584,4.58938886094683
PXD021818,9.725057877660715,6.912884263927374,5.337751847043136,1.7123,184.01,182.2977,12854.0,2.900794438912633,3.756798143539685,5.285070310124839
PXD021882,7.687857614920928,5.2519038097755155,4.645457734099354,68.612,206.04,137.428,21958.0,2.254638776014053,2.548972922624498,3.731245202349509
PXD021924_20190315_HFX_p335_phospho,13.238710587157522,6.037868884027272,5.298773703296814,2.6366,137.33,134.69340000000003,20264.0,3.8584240175466493,4.396613182864102,9.640071788507624
PXD021924_20210202_H1975_H460,9.201372351230962,5.309805986442511,4.670298009109448,10.245,166.71,156.465,27469.0,2.8014504283542965,3.1850554774413715,5.519388369762439
PXD021924_20210208_H1944,9.6163011538323,4.028759377655664,4.574762809078862,10.234483382480477,167.5513745806801,157.3168911981996,45994.0,2.730364236359041,2.4044919880473543,5.739314987954226
PXD022091_Gata4_cardiac_pro,3.6314342929295917,3.73845463348831,1.9288644509462434,16.37951908302945,92.81959952156689,76.44008043853744,9926.0,2.0780788334451565,4.027656500090447,3.9123572086580896
PXD022091_Gata4_Tbx5_HEK,3.2818868321941577,5.003109372461733,2.793361776286624,14.061653147803264,91.18378518139778,77.12213203359451,5732.0,3.0634413462104138,5.486841067749848,3.5992000394207024
PXD022091_tbx5_cardiac_pro,3.7594180393222048,4.580799811056676,3.046617383174371,16.885,90.94123701332695,74.05623701332695,5915.0,3.3500945041333727,5.037098638085805,4.133898067354507
PXD022149,10.62291782533108,5.715221260408887,4.411305548151531,36.2725,189.08,152.8075,18604.0,2.333036570843839,3.022647165437321,5.618213362244065
PXD022303_A549,5.634561330128383,4.596899740627166,3.9437790475822836,2.756933333333333,102.83,100.07306666666666,8167.0,3.835241707266638,4.470387766825991,5.47949171460506
PXD022303_MEF,5.16638171488342,4.496190345013792,3.3008142455719938,6.7199,101.33,94.6101,8577.0,3.257489633447147,4.437175905471028,5.098570724250884
PXD022383_A549,4.775769776432368,4.677858715690376,2.5567035636638225,6.4043,99.241,92.8367,8370.0,2.576257357003479,4.713635206910829,4.812295096212622
PXD022383_MEF,4.20054614312123,6.086765428334391,3.0251069963247263,7.7842,98.915,91.13080000000001,3204.0,3.058289436713063,6.153531242313492,4.246621991731516
PXD022492,3.2989986957688444,1.8821277659688203,1.637533715971997,16.22230715323805,75.57058635209177,59.34827919885372,40341.0,2.1668929606322562,2.4905559911891877,4.365453352973129
PXD022525,6.9540495304382635,5.355972014672087,4.00382211795571,3.688398881082584,157.63503903243486,153.94664015135228,30449.0,2.539931567582437,3.397703992429022,4.4114871751371245
PXD022544,1.1298897566712827,1.2524399756141573,1.0451585665832521,11.935,39.3395,27.4045,3628.0,2.6567662694829677,3.1836702947779134,2.8721507814570155
PXD022549,6.779445735681599,8.20170167977373,5.273076445922478,14.127,150.26,136.13299999999998,4270.0,3.509301508001117,5.4583399971873625,4.511810019753494
PXD022565,3.1849490709081114,1.805977318373331,1.671143643943861,11.191,77.83392087748092,66.64292087748092,17075.0,2.147063420554675,2.3202959558161487,4.09198076494382
PXD022614,4.996805197491029,2.3061095727313186,2.433229840349802,-14.47669871990459,88.53500408349356,103.01170280339815,77979.0,2.748325213895204,2.6047432838615174,5.6438752663056935
PXD022662,4.9124224493429045,4.399554027325297,2.8288133208207085,12.989,94.453,81.464,7451.0,2.9949427978155363,4.6579293694486115,5.200917333851655
PXD022662_LRRK2_8G10,2.014523426015945,5.68634216136182,3.9928035219866143,14.456,54.31,39.854,287.0,7.351875385723834,10.470156806042754,3.7093047799962156
PXD022752,10.948397265060613,6.626854961125264,5.740042493828255,27.51,257.46000000000004,229.95000000000005,32908.0,2.229489044445061,2.5739357419114666,4.252465340270571
PXD022786,9.591788925547311,15.503387255653353,18.25914293798674,8.52205,137.65,129.12795,784.0,13.264905875762253,11.262903927100147,6.968244769740145
PXD022904_Nsp3,11.185768502379824,18.655697164744286,17.696394889843265,13.641,122.62,108.979,256.0,14.431899274052572,15.214236800476499,9.122303459778033
PXD022909,8.718439869064342,6.135172587130382,3.795756796717416,9.953651041116744,199.86572189672387,189.9120708556071,38365.0,1.8991534719889527,3.069647225601094,4.3621486397599485
PXD022955,5.446227148430648,4.163140938447992,3.023250595360845,11.379,109.69,98.31099999999999,16906.0,2.756177040168516,3.795369622069461,4.965108167044076
PXD022985,6.734940348388069,10.3823953026393,5.972016992896931,30.22,124.96,94.74,2758.0,4.779142920051962,8.308574986106994,5.3896769753425655
PXD023239,6.698023078632442,3.887746482854696,4.036369328094404,21.125658974357705,179.73805446091222,158.61239548655453,35672.0,2.245695459540092,2.1630068793807755,3.7265470012579147
PXD023277_SILAC,7.388267346431492,13.921889340108464,10.23356605189704,26.322,176.4375,150.1155,933.0,5.800108283044726,7.890550104206001,4.187469980265812
PXD023559,5.411162577562784,1.9584698304633845,2.854213932603293,3.228334058317514,112.03482433441388,108.80649027609637,82098.0,2.547613163638942,1.7480902407786423,4.829893392264311
PXD023595,7.815700858966222,6.193421574067979,4.238170266284673,6.21005849262837,145.05,138.83994150737163,20302.0,2.921868504849826,4.269852860439833,5.388280495667853
PXD023679,3.359309013773637,2.165911827461351,1.6555902669763536,5.417157585430196,83.8104548090355,78.39329722360532,18753.0,1.9753982611699972,2.584297904594889,4.008221911488152
PXD023701_3D,4.729505095411224,3.9972318456058535,3.0322688829328426,6.6614,97.401,90.7396,9318.0,3.113180442636978,4.103891998650788,4.855704864848641
PXD023703,10.236297129746179,6.473807861494097,3.949789124443648,5.6751,103.52,97.8449,3404.0,3.815484084663493,6.253678382432475,9.888231384994377
PXD023735_E01,8.657027938970966,8.714039417650028,4.909138768880874,18.533,175.46,156.92700000000002,5500.0,2.797867758395574,4.966396567679259,4.933903988926802
PXD023735_E02,3.5243501066710277,3.30217590013507,1.8559594924308667,19.229,77.005,57.775999999999996,4483.0,2.4101804979298316,4.288261671495449,4.576780867048929
PXD023852,3.4303759353927434,2.799373224878377,2.175412319974363,18.2445599524509,100.4774096774316,82.2328497249807,22428.0,2.1650760374478346,2.786072246354047,3.414076802343409
PXD023998,2.675930820418352,2.8241760087662926,1.8724277854406974,4.7373,86.23,81.4927,6317.0,2.1714342867223673,3.275166425566847,3.103248081199527
PXD024045,4.079408323807109,2.6178929826234913,1.9332960153158387,2.234796428284497,90.471653265707,88.23685683742251,19259.0,2.1369080209443334,2.893605773882542,4.509045846466693
PXD024093,4.024676606354844,2.2416453105079794,1.993593859091823,-0.9272042077013154,93.62574961490594,94.55295382260726,42721.0,2.1293221867827135,2.3942615356652825,4.298685589070129
PXD024094,4.366665941865771,7.2624367973210635,3.715911331060198,-20.48685297825348,89.13199999999999,109.61885297825347,2276.0,4.168998037809315,8.14795673531511,4.899100145700502
PXD024095,7.107329683882713,9.765732613531867,4.736716239788067,-0.3474172265736968,144.7245669799799,145.0719842065536,5596.0,3.272917887149947,6.747805723186434,4.910935186882188
PXD024127_SETD3_doubleIP,3.015414951941477,6.342356649789399,4.727611306685817,3.2251,59.13,55.904900000000005,428.0,7.995283792805371,10.72612320275562,5.099636313109212
PXD024127_SETD3_IP,2.6228195183684284,2.2306947510884627,1.529204682965942,5.698420532010717,64.85470712724056,59.156286595229844,11248.0,2.3578931286602614,3.4395263657763344,4.044146731281407
PXD024127_SETD3_mutants,2.8504465327885185,1.5743860334113708,1.198540327478649,0.4912623997613963,62.409,61.9177376002386,21769.0,1.9204607147665385,2.5226906911044416,4.567364535224917
PXD024162,2.4252534821988614,5.140663592645565,2.7231572603727296,17.766110492729496,78.139,60.3728895072705,1576.0,3.4850167782704276,6.578870464998995,3.103768261942003
PXD024168,4.24608317729493,7.349854166486589,4.358838643631708,8.2006,89.977,81.77640000000001,1919.0,4.844392059783843,8.168592158536724,4.719076183130055
PXD024193_MaxQuant,7.548961871087371,4.536889430337174,5.1563424418032415,17.34334882712743,172.4423466927795,155.09899786565205,22366.0,2.9901834095250965,2.6309601541319916,4.377672895241028
PXD024335,1.372097168660678,1.3408233362719622,0.8456529619687763,3.744360555356163,28.820411255331912,25.07605069997575,4010.0,2.9342154574991586,4.652339359050275,4.760852149210167
PXD024340,12.581537144997881,12.902356230772877,6.871895874033127,23.5737749644924,246.59894037421137,223.02516540971897,14391.0,2.786668857378339,5.232121521363265,5.102024009472842
PXD024550_APMS,5.177583915144554,5.609503121272623,3.8072792829695143,8.5437,101.7954,93.2517,4937.0,3.7401290067817548,5.510566411913135,5.086265111335634
PXD024550_Exosome,5.2517028894504705,4.962404812538341,3.4455731153743905,7.5905,105.22,97.6295,10282.0,3.274637060800599,4.716218221382191,4.991164122268077
PXD024550_FullProteome,4.772099148414641,4.585788399331925,3.1233582720477933,7.3952,98.793,91.3978,9522.0,3.161517791794756,4.641815107681642,4.830402101783164
PXD024782,3.3990196232827974,2.026704305298831,1.4184853152233294,5.416319081714633,89.21854540398823,83.8022263222736,20021.0,1.5898996209816267,2.2716177405961537,3.809768034091772
PXD024794,7.126988287904445,6.438372412558979,4.55388176987455,11.439,122.88,111.441,4885.0,3.7059584715775964,5.239560882616357,5.799957916588904
PXD024803,2.2470297092733564,2.842676955805612,1.473149689101257,13.908,60.598,46.69,6075.0,2.431020312718666,4.691040885517034,3.7080921965631815
PXD024808_HCoV-OC43_HCT-8,6.385841378181751,5.988002695826355,4.088549197369705,3.165162477529357,109.87551061028606,106.7103481327567,7650.0,3.7210741271285186,5.4498064787748834,5.8118877834674985
PXD024808_SARS-CoV-2_Vero,5.936002802119852,8.01323684106535,5.010490510552625,2.3091635807495976,108.17771959970514,105.86855601895554,2689.0,4.63172132773104,7.407474358599061,5.487269304700735
PXD024852,6.498546175066062,4.809960469594217,4.571094482927129,25.699392481760043,163.363,137.66360751823996,10250.0,2.7981210451124974,2.944338968796005,3.977979208918826
PXD024872_APMS,3.6009110471508343,8.571530885668029,7.913603934068933,13.946232604670511,86.2365,72.2902673953295,2548.0,9.176629309015246,9.939562581584397,4.17562290578912
PXD024872_RanBPMdiGLY,14.807475931177667,9.652293573986698,9.417030720545345,7.717831604822612,276.8384045456587,269.1205729408361,23992.0,3.4016345152690706,3.4866165298950618,5.348779536379492
PXD024937,9.360033469520708,9.88755774036984,6.959465660641976,15.011081185428054,173.43714168375794,158.4260604983299,12291.0,4.01267317546765,5.7009459706148915,5.396787204085512
PXD025052,7.4072662917658105,8.608370866573381,5.416780094020049,16.112,109.13,93.018,4645.0,4.963603128397369,7.888180029848237,6.787561891107679
PXD025052_A549-SILAC-proteome,5.9151150206612595,5.533777704171185,3.370582826000644,2.5991,110.99,108.39089999999999,7249.0,3.0368346932161856,4.98583449335182,5.329412578305487
PXD025127,2.065965977589351,6.777370757441519,2.161482190304629,-11.768,26.952,38.72,600.0,8.019746921581437,25.146077313154937,7.665353137389993
PXD025184,7.073899832488658,5.026131092573352,4.1189569123574366,11.974,155.63,143.656,16759.0,2.646634268686909,3.229538708843637,4.545331769253138
PXD025217,4.422248278671392,6.4754285673646415,3.3402931480487905,7.2337,94.406,87.1723,3748.0,3.5382212444641126,6.85912819880584,4.6842873108397685
PXD025258,9.372738842876085,4.355708594395841,3.835018219299575,-0.0135260437081541,200.8438173092631,200.85734335297124,26112.0,1.9094529623455332,2.168704345869327,4.666680293396219
PXD025375,1.984367362823233,1.639135914937684,1.1595108264707694,-3.1155303780886783,58.45080643040198,61.56633680849066,11489.0,1.983737945260707,2.804299914817123,3.3949358169866164
PXD025503,8.236177415955662,4.590220775845198,4.0842370699880135,-0.81446,149.78,150.59446,24331.0,2.7268240552730765,3.0646419921519548,5.498849923858768
PXD025626,5.70137126725295,2.2212789292444577,1.5951293365578396,0.5756333242110401,118.9471314499796,118.37149812576855,65984.0,1.3410406094817289,1.8674506078177802,4.793197782706116
PXD025726,4.708427875695126,4.74924882622652,3.4440600382748454,17.365,108.31,90.94500000000001,7993.0,3.179817226733307,4.384866426208586,4.34717743116529
PXD025727,5.113518718259209,4.863682251460905,3.9563048644991743,11.798,108.09,96.292,8447.0,3.6601950823380274,4.499659775613753,4.730797222924608
PXD025767,8.534318673790922,3.6618657952874942,3.1319751144307806,1.5964811971674386,63.85982430393294,62.263343106765504,6878.0,4.904453071346598,5.7342246634743255,13.364143680027817
PXD025770,6.579217368568114,6.52833817146826,4.968992628628698,14.352630451301582,109.7952066455676,95.44257619426602,6522.0,4.525691767828458,5.94592275102003,5.992262840587053
PXD025792,2.5362269350156845,1.176494825412555,0.9205749138923219,-18.94002494347016,69.73155709649154,88.6715820399617,40918.0,1.3201697369506173,1.6871770463759639,3.6371293580984605
PXD025817,2.8922627181385434,3.012509101280054,2.190588841521296,7.08355,65.94167857142857,58.858128571428566,4052.0,3.3220095226245,4.568444671933668,4.386092044966099
PXD025832,10.648502485364444,7.876785397097036,6.767229951096364,0.42726,189.37,188.94274000000001,7060.0,3.573549110786484,4.15946844647887,5.623120074649862
PXD025899,6.968598076776025,6.548036710200674,4.415519196233297,9.9723536758882,164.95278432781623,154.98043065192803,7852.0,2.6768382323624116,3.9696430326314105,4.224601667181982
PXD025933,4.0774341194617465,4.420268898567681,2.9313650877762667,38.222,119.29,81.06800000000001,9484.0,2.457343522320619,3.7054815144334654,3.4180854383952943
PXD025980,7.488628213233917,4.83310517367536,4.545918382403884,18.213,154.0,135.787,55851.0,2.9518950535090154,3.1383799829060783,4.862745593009037
PXD026057,3.62066781382163,3.0003543646116357,2.2540149531688156,10.668795384553109,100.61442062316914,89.94562523861603,23744.0,2.240250392745162,2.982032144128577,3.5985575341949296
PXD026072,8.667708061876624,3.6557647086486544,3.4625561075989886,13.807644288820285,131.30414488426712,117.49650059544683,46014.0,2.6370501179920276,2.7841959687341817,6.601244819435392
PXD026085,3.4780404055636063,2.9353561032781665,2.182749077175839,20.920196875456604,124.53401128517632,103.61381440971971,21577.0,1.7527332932185558,2.3570718336184933,2.792843793972939
PXD026264,7.843257698921588,16.425549760924955,13.435968966325722,24.714,201.69,176.976,1128.0,6.661693175827123,8.14395843171449,3.8887687534937716
PXD026407,2.1652828216308344,1.2568374367598782,1.0626884526628018,2.4037617856546944,51.20593678144028,48.802174995785585,16520.0,2.075322744701696,2.4544760153971485,4.228577695732434
PXD026452,5.834755717606778,8.093456639831281,7.321478444162121,5.6791,64.808,59.12890000000001,433.0,11.297183131962289,12.488360449066906,9.003141151720124
PXD026487,0.8959478724960229,1.5872112516583254,0.8441239282443794,13.771,35.5639132353486,21.7929132353486,1330.0,2.3735406243353614,4.462982577746039,2.5192612144984636
PXD026638,2.44240457508415,2.8056158125234294,2.04535680044992,1.5143117409592683,53.873,52.35868825904073,4207.0,3.796626882575539,5.207832889431495,4.533633870555102
PXD026713,8.002483476876067,5.389746394013841,4.49926166486221,12.833793116221091,144.6167906251376,131.7829975089165,35193.0,3.111161328787045,3.7269160591349637,5.533578391750769
PXD026719,4.568096333759792,4.756769960845558,3.187077825234732,13.426212087050589,95.4303124531332,82.00410036608261,7688.0,3.339691281844999,4.984548241086035,4.786839963458394
PXD026720,5.651384304476216,3.992595615634439,2.513404659343467,11.041515,76.818,65.776485,3532.0,3.271895466353546,5.197474049876903,7.356849051623598
PXD026804_MS18-172,7.330770638288968,6.402649294763432,4.59241206356951,22.916370328811283,174.44588965252876,151.52951932371747,33825.0,2.632571092799571,3.670278106017053,4.20231778053975
PXD026804_MS20-040,4.729085979643029,4.890677787345047,2.807226282791719,20.363752121389687,112.96,92.59624787861031,11830.0,2.485150746097485,4.329566029873448,4.186513792176903
PXD026804_MS20-048,4.500987988052543,4.653328040864755,2.064210504571813,20.885,115.50863438679424,94.62363438679424,17348.0,1.7870616474085923,4.028554285632483,3.8966679953815886
PXD026805,16.996884039880683,7.002433324674619,4.327949965653352,5.547028850171273,170.03957604286904,164.49254719269777,34965.0,2.545260383713391,4.118119726968279,9.995840048198874
PXD026824,16.815685312803645,4.669947691551219,5.704685268800242,5.7785071431043775,168.2597024573525,162.4811953142481,26946.0,3.390404942767663,2.7754403599607427,9.993887465161654
PXD026842,16.881985632915445,5.3302238000491,5.090471820783103,0.7164885372639986,170.70810728403677,169.99161874677276,52628.0,2.981974261077829,3.1224198339802807,9.889387154194116
PXD026844,12.393105776849763,3.8620477576022596,4.10187851019038,3.59223984323188,170.6425519091623,167.05031206593043,27682.0,2.403784088023907,2.2632383976876604,7.262611604312477
PXD026857,15.293647967671191,6.2694431030120015,4.671817503446783,-12.931905656215022,170.34481283578856,183.27671849200357,30894.0,2.742565168656112,3.680442626131333,8.978053228080494
PXD026894,3.2174490121898436,1.5595325638928885,1.197326189810399,-0.0036134892165158,59.19410796917767,59.197721458394184,34317.0,2.0227117713030593,2.6346077631661178,5.4354210622874275
PXD027163_APMS,4.475289729486984,7.772921129582684,4.440989505600256,7.9894,95.983,87.9936,3237.0,4.626850073034032,8.098226904329604,4.662585801117889
PXD027163_ExpProt,4.939712706523175,4.284165585666616,2.5926423265362035,15.171,103.34,88.16900000000001,13624.0,2.50884684201297,4.145699231339864,4.780058744458269
PXD027163_UbiSite,4.777345774899785,4.512546025985083,3.4439996113194895,12.438,102.94,90.502,9093.0,3.3456378582858846,4.3836662385710925,4.640903220225165
PXD027185,3.5611228836812536,3.419846329156923,2.6362436681003616,19.242801283708708,106.09353254063326,86.85073125692455,8095.0,2.4848297582048127,3.2234258274387653,3.356588095808161
PXD027288,26.17936595348749,21.276366191149055,22.742194337053885,18.247,116.83,98.583,131.0,19.466056952027635,18.21138936159296,22.408085212263536
PXD027294,6.067261141945328,7.236609574400472,5.407459290520411,25.551,109.76,84.209,3995.0,4.9266210737248635,6.593120967930459,5.527752498128032
PXD027352,2.761961312446417,2.6044674910082337,1.6732878028614397,20.1195,76.17915700433778,56.05965700433778,15395.0,2.196516565241277,3.4188715042618947,3.625612859287936
PXD027427,3.3196476422109824,2.6067635924370127,1.9020866869254487,0.2475342759614491,59.57909231999112,59.33155804402967,8403.0,3.192540558875255,4.375299271825834,5.5718331933988035
PXD027707,7.325125815596515,9.691355725111274,7.262744657880244,9.5872,159.06,149.4728,1264.0,4.566040901471297,6.092893075010231,4.6052595345130865
PXD027768,5.706721567898858,4.624856644106549,3.2363016695030415,0.675372316190572,105.42330933151388,104.7479370153233,15462.0,3.0698160492440767,4.386939352817351,5.4131497143136675
PXD027786_MaxQuant,2.976875566816286,4.530571187278388,2.3815841470151957,10.3855570357314,74.4051446714733,64.0195876357419,1858.0,3.200832627274345,6.089056351254425,4.000900179631814
PXD027810,6.828136720769476,5.959293057349655,4.2043680580791705,15.351,170.89,155.539,17826.0,2.4602774053947982,3.487209934665373,3.995632699847549
PXD028107,8.001023596602781,16.057233410299034,12.761030204676855,3.828488801944274,157.9055396019229,154.07705079997862,1471.0,8.08143288503189,10.168885430352246,5.06696827532031
PXD028125,2.8460627117129738,2.503544178423737,1.6595700061434306,20.975191077639263,93.20628551665524,72.23109443901598,18572.0,1.7805344317115592,2.686025051364559,3.053509423679806
PXD028276,5.984894388212,4.715273499756563,3.825937396583947,-0.63738,108.31,108.94738,16999.0,3.5323953435360975,4.353497830077151,5.525708049314006
PXD028326,5.671981270233223,7.921169137442635,4.466024781969041,7.16355,107.65,100.48645,4062.0,4.148652839729717,7.358262087731197,5.268909679733602
PXD028518,7.174314945932142,6.336558815963196,4.644118670869698,9.83567906789419,164.91132398479448,155.07564491690027,8519.0,2.8161308506005964,3.8424037008807552,4.3504077055337
PXD028526,4.153185609849273,2.5345301348130804,2.0670324314458592,4.9634,82.01112290120776,77.04772290120775,39506.0,2.5204293738738928,3.0904712009201805,5.064173569300208
PXD028568,4.94996343320986,6.768858153193586,3.8414017924098944,17.811,111.49,93.679,5211.0,3.4455124158309216,6.071269309528734,4.439827278867934
PXD028599,5.029229719636624,10.33523756288785,10.013624866773581,13.478,71.611,58.133,356.0,13.983361308700593,14.43247205441601,7.022984904046339
PXD028636,2.4447416797436707,2.4116594155935682,1.550911160109917,5.997820632428581,42.816,36.81817936757142,4223.0,3.622270086205897,5.632612611158371,5.709878736322101
PXD028797,10.818438899727186,9.269216648313622,6.7074369870744,2.9588,171.99,169.0312,10243.0,3.899899405241235,5.389392783483704,6.290155764711428
PXD028901,3.836992710676304,6.277328990079585,5.694263950087987,3.1331,59.995,56.8619,1432.0,9.491230852717706,10.463086907374924,6.395520811194773
PXD028911,4.436849896419078,4.341624266741436,2.676468954922438,7.0910162360683096,85.10032324271555,78.00930700664723,17155.0,3.1450749573404697,5.101771769254793,5.213669851481869
PXD028925,13.123498304120693,4.816012708989102,4.1854389203998,39.3859397190937,160.14418519138616,120.75824547229246,23268.0,2.6135441105138093,3.0072978942279733,8.194801633563515
PXD028992,7.326016396721304,3.369284163476908,3.2265089102821043,16.284609307034565,157.66894310696085,141.38433379992628,60492.0,2.046382024704305,2.136935846136308,4.646454940559484
PXD029191,6.69737888802379,5.82021988912361,4.855330776266987,0.15763,127.805,127.64737000000001,12029.0,3.799014730462022,4.553984499138226,5.2403105418597
PXD029290,3.840050616975193,1.8553722596712912,1.528865518085322,5.838623486027181,84.60308908114094,78.76446559511376,34545.0,1.8071036586134828,2.19303134178924,4.5389011898753315
PXD029297_Khib,3.76483302514752,3.044922276199574,2.1918876643297445,6.3792,49.983,43.6038,3443.0,4.38526631920802,6.091915803772431,7.532227007477582
PXD029404,1.5678935155352551,2.1153847088139197,1.2221604973581197,8.814101744294533,37.50804249749641,28.69394075320188,1101.0,3.2583958425441595,5.639816337936371,4.180152871587231
PXD029429_hTREM2IP,4.246764997171704,5.9624784981539305,3.879292899381227,13.962,117.87,103.908,3684.0,3.2911622120821473,5.05852082646469,3.6029227090622755
PXD029429_mTrem2IP,4.623012221714573,7.534335385465061,4.411137527738304,14.721,118.2,103.479,2474.0,3.7319268424181926,6.374226214437447,3.9111778525504
PXD029429_SILAC2_hTREM2IP,7.04092742334095,8.222904778055184,5.687461401587571,8.6428,150.52,141.87720000000002,4144.0,3.7785419888304346,5.462998125202753,4.677735465945355
PXD029539,3.602348424355243,4.683498668035702,2.869824623052289,12.63863376519138,79.20213868510272,66.56350491991134,3422.0,3.6234180928653124,5.913348737534318,4.548296907331892
PXD029660,4.531508255840632,6.828014500031711,3.3909332227840387,1.9379,99.331,97.3931,2973.0,3.4137713531365224,6.874001570538614,4.5620282246636314
PXD029668,3.606802678648503,2.3389818770226443,2.067555838516384,18.14396892395701,120.66144582753184,102.51747690357482,23511.0,1.7135182032143532,1.9384666419179846,2.989192325611536
PXD029710,4.395038067251008,6.925576869719601,4.21234430632614,3.3483,111.26,107.91170000000001,2309.0,3.786036586667392,6.224678114074781,3.9502409376694296
PXD029730,4.445367479597973,4.5325777844504325,3.081159248804412,1.0772845,99.66,98.58271549999999,7627.0,3.0916709299662974,4.54804112427296,4.46053329279347
PXD029747_HA-MAB1B,0.9859449755062094,0.8809661119093872,0.649072153812733,3.304540910770065,29.026328523082483,25.72178761231242,4352.0,2.236149684919931,3.035058709574035,3.3967264400048407
PXD029747_HeLa,3.146982788062206,1.819221893686991,1.6093341893131086,3.826,67.37,63.544000000000004,14080.0,2.3887994497745413,2.700344209124226,4.671193094941674
PXD029747_LCL,3.2805222337556676,1.5701834787542623,1.1638103346243416,3.5246,67.667,64.1424,20814.0,1.7199082782217945,2.3204567643818437,4.848038532454028
PXD029831,7.514378700504441,7.3699154948877,4.432480274023109,16.412449159701055,142.97869516900002,126.56624600929896,11857.0,3.1000984229041553,5.154555009875074,5.255593283756357
PXD029895,1.3656214753439166,2.9579673799531108,2.1930553840119673,17.045,46.707,29.662,1090.0,4.695346273603458,6.333027982857196,2.923804730220131
PXD030003_6GRevidence,6.557261739143215,3.6458121053070416,3.121067750828318,10.08779931941303,134.56448147624894,124.47668215683592,31836.0,2.3193845185508306,2.709342068063138,4.872951366665498
PXD030003_CarbonSourceevidence,5.998080169331727,4.429435656886205,3.1498277914087582,11.158075531084869,128.419304724004,117.26122919291913,27954.0,2.452768139633134,3.449197662614552,4.67069976918398
PXD030003_Cycloevidence,7.676893417205542,3.4617982631398765,3.2884646962555517,9.359497822816884,128.69342758048748,119.3339297576706,35002.0,2.555270116027393,2.689957310348889,5.96525678236696
PXD030012,3.6367797400977384,4.598068773356543,2.8362214913545483,12.583959564331636,84.463,71.87904043566836,5170.0,3.3579454806892346,5.4438852199857255,4.305766714535049
PXD030164,13.379922279543848,8.433895366355054,6.085567618667279,6.1775,182.18,176.0025,11447.0,3.3404147648848825,4.629429886022096,7.3443420131429615
PXD030309,4.348070184577592,2.052292102162387,1.7030403528935327,22.776447255858763,128.85272374451867,106.07627648865991,47654.0,1.3216952683671765,1.5927425067331495,3.374449571744157
PXD030406,6.120486266842508,2.471365952476875,2.2663661915118833,5.564797807513372,123.53141256193292,117.96661475441955,79117.0,1.8346476774687834,2.000597177044217,4.954599109577881
PXD030419_2591_MC,5.032865676490514,6.642453515935561,4.147681352284827,22.947,136.15,113.203,6039.0,3.046405693929362,4.878775994076798,3.69655943921448
PXD030419_2833_MC,4.638915651216023,6.009458423473525,3.8294262101652192,14.903293223332284,149.9256755570634,135.02238233373112,8837.0,2.5542164115229857,4.008291709305159,3.0941435707924487
PXD030419_2898_MC,4.33290364132193,5.542342581104626,3.815963760672693,12.172,101.95,89.778,6160.0,3.742975733862376,5.4363340668019875,4.250028093498705
PXD030419_pg,3.601235468153126,3.9945010436974213,2.8056681240040233,31.35615361091221,130.36980178741717,99.01364817650497,12192.0,2.152084367343739,3.063977231637516,2.762323343887069
PXD030484,4.521128730289405,4.807097697341065,3.7978787677289993,17.665,107.79,90.125,5286.0,3.523405480776509,4.459688001986329,4.194386056488918
PXD030524,5.289975094742856,4.8371912506586945,3.0324205693496373,16.992644239689227,110.10981759206706,93.11717335237783,5261.0,2.7539965424192205,4.393060815502789,4.8042719626882535
PXD030729_N2a-APEX2,1.248726843515716,0.8266960257041158,0.45567579019704363,3.0285,29.355,26.3265,13271.0,1.5522936133437015,2.816201756784588,4.253881258782885
PXD030729_N2a_HA,0.7803371459697577,1.0950489160516161,0.6227194486749843,3.4643,29.25066666666667,25.78636666666667,2327.0,2.1289068579917867,3.7436716521046223,2.6677584988482
PXD030729_SH-APEX2,1.406898792579752,0.7053826891920244,0.4106269006590907,1.1013273663958436,29.17299483424521,28.071667467849366,21522.0,1.407558267473689,2.417930326316718,4.822606662680515
PXD030729_SH_HA,1.306332675151908,0.8454639883959276,0.4760580466935479,0.8111599999999999,29.9845,29.17334,12720.0,1.5876804572147205,2.819670124217271,4.356693208664169
PXD030883,9.764266816793466,9.351986929426838,6.3921907373149045,7.7285,129.80809887090965,122.07959887090965,1483.0,4.924338922544233,7.20447106981138,7.522078284578948
PXD030955,7.716941089133364,8.088362973657949,5.698560766269855,21.702,177.32,155.618,3010.0,3.2137157490806763,4.561449906191038,4.351985725881663
PXD031137,5.1028603905979955,6.25120555926824,3.857429941035068,0.54922,111.34,110.79078,7240.0,3.4645499739851515,5.61451909400776,4.5831330973576385
PXD031174,3.7078143860224215,5.081856285219081,3.598989540759246,6.6606,74.554,67.8934,1922.0,4.82735941835347,6.816342899400543,4.973327233981304
PXD031272,7.156750377409439,5.162579378245947,5.144363536058715,13.167229573797826,130.30556602024438,117.13833644644656,13089.0,3.947923095824995,3.9619024236032128,5.492282943844134
PXD031332,5.761914465448232,3.9989091907682743,3.0287944539335183,20.239,117.9,97.661,5316.0,2.5689520389597273,3.391780484112192,4.887119987657533
PXD031378,5.032164222729548,2.583417967436568,2.2451692794681386,5.14864724777231,100.88,95.73135275222768,46673.0,2.2255841390445465,2.5608822040410075,4.988267469002328
PXD031795,12.374520924969135,13.879670284562474,6.964233869872686,53.149,197.53,144.381,4036.0,3.525658821380391,7.026613822995229,6.264628626015862
PXD031921,7.4897927029956275,5.9442200810298145,3.650964978187969,7.216116857274979,166.88856949301382,159.67245263573884,21033.0,2.1876662909144318,3.561789821248751,4.487900355158332
PXD031936_ONA11883,4.840905386754844,3.475215490122978,2.070929920412046,15.777603670683128,112.50892740421594,96.7313237335328,26784.0,1.8406805292629997,3.0888353220517457,4.302685572108161
PXD031936_ONA13056,4.970288890165605,3.7732778959909923,2.7320629688435454,14.311681533509976,109.64344607976386,95.33176454625388,19354.0,2.491770430907483,3.441407608846946,4.533138156337953
PXD031936_UZF13667,4.6116378407003795,4.244415249002372,3.4301577893845425,14.727467259308147,111.47648427252282,96.74901701321468,9590.0,3.077023653705252,3.807453452358788,4.136870543411168
PXD031987,8.808974786763935,11.740268248319202,7.043228447601283,22.076783790092406,193.4379344847089,171.3611506946165,5431.0,3.641079225935409,6.069268822371167,4.553902423653245
PXD032030,5.226504735685478,5.302286242543921,3.0901057206927476,13.108,103.15,90.042,5134.0,2.995739913420017,5.140364752829782,5.066897465521549
PXD032031,5.317712362662934,7.574788938858304,10.324523987623277,8.2679,101.89,93.6221,1240.0,10.133010096793873,7.4342810274396935,5.219071903683319
PXD032041,6.884967345008397,5.116490827163777,4.160755531499217,11.359028672280736,118.92241820448018,107.56338953219944,40900.0,3.4987141989873094,4.3023770491836695,5.7894612714400875
PXD032260,20.92706747316481,10.126233807656947,8.693698940459571,4.2553,250.95,246.69469999999998,11254.0,3.4643151785055073,4.035159915384319,8.339138263863246
PXD032781,2.013663737051269,1.6746742604127718,1.1199911497137802,19.90795661273741,63.22589184729426,43.31793523455684,12373.0,1.7714121809761552,2.6487159160324905,3.18487201717099
PXD032893_TPN53,5.276698663555258,2.5734702644098717,2.3492182330999656,1.2979471096172617,94.96002361950129,93.66207650988403,43281.0,2.473902326007344,2.710056470417069,5.556757951849982
PXD032903_CNN2_APEX2_NMS873,1.146821130469135,0.8698374889566918,0.5533977537169127,4.015934974566315,29.63967888150268,25.62374390693636,9860.0,1.8670841743237416,2.9347061836743915,3.869209025691688
PXD032958,5.115145642721498,2.980712024248454,2.3677316859400497,9.392179850587688,108.69588371786924,99.30370386728154,32762.0,2.178308510822478,2.74224922075723,4.705923966723852
PXD032979,3.9610731091521387,8.879999654691039,8.785420805096015,13.832,94.914,81.082,832.0,9.256190662174195,9.355837552617146,4.1733286018418125
PXD033012,2.3924194534106626,1.904395673200615,1.5025780474098769,12.308411385989157,61.71526171370016,49.406850327711,13090.0,2.4346944429732846,3.08577752134503,3.8765442890110435
PXD033065_DT2,5.133051984543013,4.921095367091028,3.1709422987432085,5.0082,111.11,106.1018,10319.0,2.853876607634964,4.429030120683132,4.619792984018552
PXD033065_ERLIC,5.2105052874092275,6.43749917277708,3.463575739191995,3.8528933656068576,111.15,107.29710663439315,2948.0,3.116127520640571,5.79172215274591,4.687814023759988
PXD033065_IMAC,7.233278516199728,4.783985427284131,2.935664408967299,4.3927,111.18,106.7873,8305.0,2.6404608823235285,4.3029190747293855,6.505916996042209
PXD033122,6.804491831043088,8.208560298949768,5.89919743712254,4.168416066434894,99.082,94.91358393356509,10588.0,5.953853815145576,8.284613046718645,6.8675358097768395
PXD033538,3.911856661617612,4.310248977301168,2.4225984407159116,14.657,83.127,68.47,6014.0,2.9143340198923475,5.185137172400264,4.705879752207601
PXD033763_FullProt,4.733481696699931,3.3079757500649096,2.569189601573862,18.370404000140297,119.37777669620776,101.00737269606746,35734.0,2.152150653728398,2.771014707773489,3.9651280394890263
PXD033763_Ubi,6.56767622052478,2.520637445650327,2.1698999993050396,18.45989310358984,119.91,101.45010689641015,39895.0,1.8096072048244847,2.1021077855477666,5.477171395650722
PXD034055,4.9923864270832485,5.129548560259045,2.671513541567737,5.2366,87.0035,81.7669,3281.0,3.0705816910443104,5.895795640703012,5.738144358655972
PXD034187_pro,10.613106162557457,4.022318517289203,3.8216950282748194,-0.7185453947961804,179.19654037237547,179.91508576717166,66994.0,2.1326834883827717,2.2446407218190214,5.922606619805898
PXD034196_pro,10.854161220914868,3.396017342874559,4.28282523339509,1.831589696652408,178.95646690609456,177.12487720944216,79269.0,2.3932218306715094,1.897677911051173,6.065252297705715
PXD034196_TPP_Ctrl,4.641726019524712,3.957977127804715,1.8596390026378156,6.505,59.931,53.425999999999995,7373.0,3.1029667494916082,6.6042234032549345,7.745116916995731
PXD034196_TPP_Treat,4.353147299520952,4.060306882704636,1.8545487134098682,6.8608,59.639,52.778200000000005,7434.0,3.1096240939819046,6.808140449545827,7.299162124651573
PXD034370_Fig4,5.462647784274816,4.625613394017189,3.1897509789698075,20.31030772033412,120.85671628816844,100.54640856783432,9945.0,2.63928317509821,3.827353196481001,4.519937287762961
PXD034370_FigS2A,2.4201895038314394,2.146265777924696,1.355080007227568,16.842830600531684,55.976,39.133169399468315,1665.0,2.420823222859025,3.8342607151720305,4.323619951106616
PXD034370_FigS2B,2.206216116577876,3.8881360467865664,3.1905137270238932,10.608,40.854,30.246,129.0,7.80955041617441,9.517148986112906,5.400245059425947
PXD034370_FigS2C3A,4.244937685212412,3.5681543573439267,2.3203416015954654,27.502959608666043,105.28128460910509,77.77832500043904,7545.0,2.2039449938425184,3.3891630127728707,4.0319964758914955
PXD034370_FigS2D,2.078955083598496,2.235043218237812,1.7529297602167924,13.348968305142888,57.172273047387904,43.823304742245014,3900.0,3.0660487449289557,3.9093132021972785,3.63629950811179
PXD034453,4.626726542752408,4.941402771697607,2.7276149449601936,7.0686,112.37,105.3014,8907.0,2.4273515573197417,4.397439504936911,4.117403704505124
PXD034457,1.8094192537459108,2.6365679805743087,1.717309951960932,0.59866,53.36347639958248,52.76481639958248,1548.0,3.218137325053224,4.940772525447644,3.390744711227374
PXD034517,15.961955099014975,12.141632504773717,7.450343503085802,11.363874025681852,260.25053627676687,248.886662251085,23052.0,2.8627581751311495,4.665363106826239,6.1333034418957055
PXD035547,5.459892192301829,2.8344663264829433,3.452898754844382,15.107130571982085,132.96,117.85286942801793,32401.0,2.596945513571286,2.1318188376075082,4.106417112140364
PXD035553,5.603535072762071,9.262082400876327,5.023795007968356,15.481324357479709,135.4696096535243,119.98828529604458,3218.0,3.7084295295580785,6.837018593738431,4.136377957457482
PXD035924,2.9633927663462565,2.64941714522053,1.7397447122401088,14.058,77.00086333488326,62.94286333488326,13564.0,2.259383384669094,3.4407629089793326,3.848518884078236
PXD036107,2.583213757225171,2.3818914090198926,1.573825280706009,-0.4819176441430919,54.15127157312698,54.63318921727007,4530.0,2.906349629446251,4.3985881398986875,4.770365832936623
tmpp_deeplc_ready,3.0758751926634686,5.195896515657522,4.776101478475579,44.2402,91.2279,46.987700000000004,1245.0,5.235351771196727,5.6955125741768935,3.3716387121302454
tmpp_deeplc_ready_24bands,1.825805930466483,3.0158236850160063,0.5837173786559758,17.3516,36.4883,19.1367,4054.0,1.59973848783302,8.265180030354953,5.003811990326989
